id,label
aadawlxbmapqrblgxyzarhjasgiobu.png,0
abpxvdfyhaaohzcrngcucmhffwizxs.jpg,0.02
aclkjfvackiieiznzfcwienplielrj.jpg,1
aelkivmayxgsdjosiibfgmkvfrjvjk.jpg,1
aelzzshpfxerelefnkatpczktuxjln.jpg,0
ajnjnkvstqesvfohaptobyasrkmcnq.jpg,0
akkydnvilgvzigllmboonbqbbioocs.jpg,1
akvjfjhgayyjwrqrczjbeyoqhhajis.jpg,0.1
alcveyvosnywyjbmngolmnblftdoje.jpg,0
alfuzzlrjkdrrzauiswqnuvpvzfluc.jpg,0
aljnaycepveqbedxhsklixyjodpcho.jpg,0
amvorhijzrsihdqvyddkamjdyuahqm.jpg,0
autvannlbggmjsuhqbnnffyhrnyyhp.jpg,1
aveecvuafgubjfweqsfyomjgyazdxs.jpg,1
ayqcgikqwwnikkwdufxnxhfixdpelp.jpg,0
bakmhsflobtjjwilhsiqynhmnrjjnq.jpg,0
bbolakporoaeojpqandvajgrojnkaj.jpg,0
bcqfficwazmpxairlfnchvusputshk.jpg,1
bctvvfysokpohqxzngbuuaugtgtkov.jpg,0
bfjrheksmajsxlorqmwtpwjonzkyiv.jpg,0
bhczfsgehqldydadvfldnunftxzfdv.jpg,0
bihlsygajgvqsywzkpfbmupevnuoqh.jpg,0
bivegebpyjsmiaylkruufjevjxqydc.jpg,1
bjlwcuatbrxhdxocieancqgdlgqnma.jpg,0
bkhjxlxizjiychukanlstfpcodlubc.jpg,0
blgzlxqgcpxulfwfywadwbbeptqcol.jpg,1
blmgakpsirdrdnimkjwdnbusgactzx.jpg,1
bophtvssbpnmzkxfxuvupbriwazlcz.jpg,0
botfdlboeryhmfxctjvzbqriqyonuv.jpg,1
bqjjodotjhmmchkiityjpmglknkzdq.jpg,1
bqudlucapxfguiydzopfdvuasiwscs.jpg,0
broomszdrrefxhmthsxwurzfuutkft.jpeg,0
bucfsqoezlveinjzzyyfiianjzrklf.jpg,1
bvrbztwngoiduyhlrnxnybuqamwdjq.jpg,1
bynakhmyescxfghpzliqaaewgtlhas.jpg,1
bzdueelveubapkgmqbhzrerdmvbqtz.jpg,0
ccliaukfdmqskirlsqaemkdtziyhos.jpg,0
cdugozukojbkpzksazbxqxnpxnoxts.jpg,1
cdxocpqismtjtcoiqncmocnyhqipeq.jpg,0
cemwpmilmtzyyvpoxxflruiyubdzvc.jpg,1
cetwookalphtxhtbwgcpzfjpmasfic.png,1
cgnarbagkiqkuvnbgidtpbpzlxxzzc.jpg,1
cjbutauggylhztvnyutbozyfqaealv.jpg,0.47
clcluoyktakfjgcjyjgbbrhaxjkanl.jpg,0
clibkrbidguqcugbkymxqioqwolsvv.jpg,1
csaamuupuegbgkdvhihaucddwkvgcg.jpg,0
csrqrzoyceubuehyicuwjisnsvyfuk.jpg,0
cxnmwtwjlhvwljnwzdyucnlrkwmzva.jpg,1
cxtbkqwdjxgxlieyzzfokybmrynvzt.jpg,1
cynaerknbrqzwlssknbvxqoffjfmqa.jpg,0
cytfwnqddgfmwopldwoyzfgvdshchj.jpg,0
czfaqpiyukmerduehjkdrhkhtqxbia.jpg,1
dbuvujopjxofqfcsxghgeruyrhqamf.jpg,1
ddmvffnxrrqoftjquegcfyynvbpioe.jpg,0
dfbqqsvocxgkdljrvnnztyvaexmxgp.jpg,1
dgzjgjduiwcejpltzhhsdrsfrfwbhm.jpg,0
dhcyrecupnqhsmwidgcgghdvkmlsfi.jpg,0
dhxbbarhojjiuoacxyzdtayykriavi.jpg,1
dihlagwlolbphxxdxmfbsmaeqqqcgs.jpeg,0
djdsobvkfuoagxivxpraiusgzjozds.jpg,1
dlaaovaxfeqezvculovoovlyakhlgd.jpg,0
dnzsxkpbmmtytvrlklmnbprbcwysix.jpg,0
dobrsakjzqfkkwbuvhfpxgjynstyjd.jpg,0
dpnnhtmzinfjwzxeihghlsaugrseso.jpg,1
dshtrcyfhcxdnmqcpqaachrxbmraqm.png,0
dthpinelztapoyhclbpyyxijcqcsyv.jpg,1
duythftfcibydcrmobngveppsbczuq.jpg,1
dveocsyrdwmmokqvzmherympxsnhjg.jpg,0
dxkxrtwzulytuhegnxjznhxxsqdvjt.jpg,0.01
dyintomnapqkperdaokbxbsyrgiadi.jpg,1
dyjtodxzlakemnjmxwcvxezykwmvoo.jpg,0
egmlopponygomfuzzhzoextlxzgkmo.jpg,0
ejmhvjdcgulaxvqqwyuwabbwqjievn.jpg,1
ejwoiledjlwunsjpnuquukzkjhalov.jpg,0
elajrsvrogkgcerlrfjvwgzqdzjumg.jpg,0
eoeatxoppisxmubbwmpnabjbezizgx.jpg,1
eofsqiwaevaeqkxjdayeeyzhliteho.jpg,0
eowgxpfwjhfpfvoytzlejmtyxegcfx.jpg,0
epicmexrbnzcoykteovumnjlpeeejh.jpg,1
eqhyxymtcmsvgesckcrjowyebhnohw.jpg,0
eqycjhiuvqojearvldxihxvmrajwtc.jpg,0
ethbvskgnyzyuirqytshhzvyzbqjxv.jpg,1
eusetdoazbgklyqcezwcacrokjcufo.jpg,0.09
ewrlffkoseneqgraxwhomtlwxiwekb.jpg,0
eyavyurhmycfumwdjnvvxenleadrcl.jpg,0
ezmnotqwlrngiwgnwbaheeoueyxvny.jpg,0
fefhbwjojkixcapyhinlmsqvjyhjmk.jpg,0
fhggkjdcfrlbgjgdohqetzvtzvzwox.jpg,0
fhhipzleexntfxjqfztvtikwqlylfz.jpg,0
fmkdsmhmklnzkownqsschpnomjedlx.jpg,1
fnefuqqsicuqfsymibosjdjwawrmvq.jpg,1
fnkfsdjmdihrmynpqxmnrwzxessrdc.jpg,1
frpsiqoutwcdsluictnefqjbnhaojr.jpg,0
ftcupseqywfpqtfftqilalhmaanpcv.jpg,0
fuldxhllmyyhygdvrczspchtlwifqm.jpg,0
fvitugrhbmzimhnlanfwqhnmtovgob.jpg,1
fvlynglrxqdpvnhnaojggecbomqvbr.jpg,0
fvmrktruwpyzblmwwnubraikddamol.jpg,0
fvvzssylplidrbhtvshkkfflzatqsd.jpg,1
fvyderokisqwuoqwuaoadkkvtfoeya.jpg,0
fwjhmiqtdoufzyyzkjzxrhzdwkcedo.jpg,0
fxrmuuyabdjwnsveyuijcliwmywezh.jpg,0.97
gadijdxgeinztdiaolvtceypzbvlam.jpg,0
gbdwbyuafezgszupikmwrdivflidna.jpg,0
gbfvanqxwaqvwzxuqegqaompgvsamm.jpg,0
gdkceqpjaozdsbfuaapadetsdgsoyz.jpg,1
gdwbhsehebmpgcfbndlibiccryfxid.jpg,0
geadhikvjfcvvrtszjsxqnevbdvstr.jpg,1
geaxljqcgthkjujpgjqtinitobfjqe.jpg,1
geszfskhujvpyziumhlqpgptmpajtt.jpg,0
gexghbuikqpefswrouipqfgvkzdkzv.jpg,0
gftflwiwqrswxrpccfpkhdftoajcws.jpg,0
ggqkntfyrhgeizstqrxlhhpwvjykbl.jpg,1
gjppsnmwvegpfaotczwscojavigasa.jpg,0.02
gkxlqxmuohjzxzweewniylzaxuqiit.jpg,0
glnkqsehtsemwxgfcabdouxnguoope.jpg,0.95
glpbrbtkrussrnfolvxynzjdfkvbin.jpg,1
gmocqhzokvhyrkohiraxixdbmcscjq.jpg,0
goxowiqsuthbriuqxiespbmeegqkvf.jpg,1
gppgpyeceknjakxhnvcgivtzqkexdt.jpg,1
gqbziiohphcmauvpfwlcpyxqqapghh.jpg,0
gqyjkyvhkkgfldgfvrkwvogjnganlj.jpg,0
greuliaymizfmfvngfqmrbzayusphp.jpg,0
griokgoxjwgbtlffxnqnoefynizroa.jpg,0
gsphpflowsxvbzmqoehtwimxigmexc.jpg,1
gtydqhzuwwcebasjexbrajitsqhnfh.jpg,0
gvykagbusbpbuzcvkftzaatczcevwk.png,1
gvzjodvhueivloxnomfhmpmcdbzvap.jpeg,0
gzmiyxrvuprhvkmnckztiadtirmwrj.jpg,0.04
haghwzucuaiwbeuerzxnrnflkytyqu.jpg,0
hddqpruzeyfpuemmkrvajzewjauqbg.jpg,0
hdftlvovpcycpipsqjnfxbzuvmlnlm.jpg,1
hdmcngrvtgikfstjgrgqfotraeffgg.jpg,0
hepwugnfdvxafszdjsdmscpcvejipp.jpg,0
hhirnwzcfyhnrwbfjmhioqyosjouxm.jpg,0
hirjzqktwfoauvblgqocpnrhksqdih.jpg,1
hkftgcijkghprpxyuknyfimzjlzpde.jpg,1
hnmbjysdtuiasvlabvnataindypuzu.jpg,0
hqxkkaletsjpqenfgprderxwvvdtwx.jpg,0
hsyezwcpciffcupbkadwtcqpxhlofh.jpg,0
iczzwmswptqjkzgbczxmgewfkfbfbn.jpg,0
idardcfquyazdghrsrbiyujmguzxnr.jpg,0
idnwoyvjflsoiwvbcleokhdfgdwqng.jpg,0.01
ifhrlfbitalzvqnfwqnuudutpbfpdq.jpg,0
igulitrigxyyzhhiduazzrwydlqrcv.jpg,0
ijmzxmoihywxoariplmfexcmexsibs.jpg,1
iluwkwmnrgiouhirnkfdmhnczfxivc.jpg,0
ilyczntkhdwwqxgayvmewwrvonzokc.jpg,1
imkumwldsvcwkjbhwglebnqtgjuaqy.jpg,1
imzjoogcbcvsgkbekgsxdfhxdlodgb.jpg,0
inilzqtajpxhdbqrrrmvnhrzmevhkv.jpg,0
ioafahyushqhdpfinjvuormfkchmjf.jpg,0
ioedeamftahwmovcpgigwnypdhykwz.jpg,0
iosikwfhnhmqdvuymkrdeatakkdryd.jpg,1
iqpspkpytnrfnnxpbdgulrpmdssxvv.jpg,0
itsfoylidpuiehheyisjrssydwpkjs.jpg,0
itxiomwebnkfodztausaduxyrhgfrv.jpg,0
iurkzngzsfejzqwpvcogoamriplacq.jpg,0
iuzfasnekvmbbmtqetpnmrxcyopfie.jpg,0
ivhqllncotctfxttkqqvwamkdeokih.jpg,1
iwgumsxpuxzcolrrnfwkqidfknzjic.jpg,0
iwrrnosiwxykcwfnzdnephwjeynjvr.jpg,1
ixbtflbbatnitjiveitztqwnjfvidt.jpg,0
ixnarcfjcjzduyghjrmbpsezuhxdeb.png,1
iyyhdzhpafxpjyvrqstdlsvnhqntqw.jpg,1
jaypieocqkwftzmbzsgrkttchyhpaa.jpg,1
jbmhymhbpiobylwbugudyfpnkmisbc.jpg,1
jcqewjmnixvdytkvwuvgywcblhvotx.jpg,1
jdiamrvlvhyxhouxlkjrdcfoqbtzlf.jpg,1
jdmorbhddqxvqofbotgldacezkmyjt.jpg,0
jdtkbagujtkdseprtglztarncdxzqt.jpg,1
jelzmmcmozeaeiswvdkwcltfccanwg.jpg,1
jgvemmdihzkjgodvehrlpacstjwnbv.jpg,0
jgwawiynmntnlhhwckjlqtijvnkjff.jpg,1
jhhjxctcsxlujwhoprnevvfprddnjs.jpg,0
jhvehfryklsushrvqiyjrxtybsyxjs.jpg,0
jhwecyoxnwdqysddxcjogbvlhjxrfm.jpg,0
jiorwmlthejgwwbnshbuevjaunqbku.jpg,0
jiuvimokosuqcqgxsjrpepfrxnudvl.jpg,0
jjqgfnkunxqxwlrjxgakwcukfoavym.jpg,1
jkutvlbzwibdltuythhqtweqazglok.jpg,0
jnsjofyggzkakdsxxmptabbiksbuty.jpg,1
jnzcxqykfzbkbbgyscanfvxeqyruzh.jpg,0
jqgkxlfpzrktkyilfyuhhdyfsycanf.jpg,0
jqueszoqlgzwqzksmzanznuieydnyy.jpg,1
jsrbntbtdheogzmdzhatavcmmarvgl.jpg,0
jvcaprbropasegknsisprgwgitcrpi.jpg,1
jvpejwtddpkhiqhcikzoaojczgdwfz.jpg,1
jwdjkvvfvggphwhqatmbkjjlzdienf.jpg,0
jxtfudtgjrjafphvpcpyzvbjzkedlt.jpg,1
kajnfbinymxwelbpykfzurocazkajm.jpg,0
kcnlgwxftlpioadzfmayiitkbnkpfq.jpg,0
kduwskepxdwxdgfzkgnfnformtkgzg.jpg,1
kebxzepgnybcvtvjqohjaclvvsqjgo.jpg,1
kfkptevnxrhoofzewofglxzxgvkdcg.jpg,1
khvoycguuitlcpjxdflbkdgyzaoexh.jpg,0
kigglxwgyxssmujauixjszahnjctrd.jpg,0
kjdbifjcnzclwxadgtmgafbcylljhm.jpg,0
kkgjefxvtjfypjsjgyhshrutwhgdml.jpg,1
klkerkiflmmwcuzjqqkvhbrazosuzb.jpg,0
kmxjicdqvpfpvrhqukkpumdscvgnob.jpg,0
krnwchletlzkiqqzgvdfhwgcweukol.jpg,0
ktfusajinfwbuflriajdptixqssvun.jpg,1
ktmunasppplitpubmrdjbiqyuaibnd.jpg,0
kugkqjdlyxywogtbietnbvcmpjllwx.jpg,0
kujdzaccxtihhcwwvsnuublztrnzie.jpg,0
kvyzgviirzidxoawqeshlagmfmaqha.jpg,0
kwufgmdpyknfvezeytoywortrtkcha.jpg,0.01
kxcrhxbyxvhqnwqwqoqmaafwikuegm.jpg,1
laaqrylcpzmanpcdilwteiuhetchzt.jpg,0
lazlpqdyqxvdtgtfuwkcplrmtcoeoq.jpg,1
lbvuqszvcwajhzclogpiprfgxiswpr.jpg,1
lckpbjorlzqrhcccowfsaltairdvtd.png,1
lctzakuojllwuturyhbsoyexhyrhfb.jpg,0
leibivudzejijilbzmjwyqcgnolcbb.jpg,1
lhiwujhlwspbbgqydwewaioirumkri.jpg,1
lhrglduisvdlcgjiofvkkhvdcuaenj.jpg,0
lihqabxpdhfuuctwreixqcwwmjdvkg.jpg,0
lkzjcblzskcxgdzssgiasoddrrtouf.jpg,0
llecnksnwfhbpbcjzzijseaoxblcbo.jpg,0
lmdcsyqhjxxvdfzakuhxxmcrwmqkjj.jpg,0
lmrbtgixyoyrpexyiydyqjsexswuxr.jpg,1
lnulwsjdqnzkuyyaffwimadgavuwan.jpg,0
louklilbbrpqodurfzvvejxglgocwi.jpg,0.97
loyubqchniltkypeilmzrmwjnvjeiq.jpg,0
lpozqsannlntslamuxvcfpbjttiihl.jpg,0
lpxbhrpimmbsyeufegmxiuobcblwen.jpg,1
lqfnxaohuxlvexjgebyyoyvcpvfzte.jpg,0
lsdynvygkfyqehlpwbqammadxmsctv.jpg,0
ltuibmgnhtgsfugypuufvwrqprxtfk.jpg,1
lucoklnkqcjyrxyvbgnarqspgcwrku.jpg,1
lwhltrzhopzxcxkmjnepvkfkuocyyf.jpg,1
lxxlzvrdieuyvfkeshxuisxgormmyq.png,1
lyousdaviagybwamxfwdjpjfevopkf.jpeg,0
lzjxvwtdrrtwjceqgmucfpngihgdxm.jpg,0
lzvnzvftxmsgfnxqriwbranxlyjumy.jpg,0
mawbecdfltccgqymuosaxqmntvllvm.jpg,0
mbekjxyxdchvessngkvjexxfyqdrvv.jpg,0
mdwgptlsdcgkglflwsqseheibugref.jpg,0
meqeaivcxrtyjjlaaysnjeytrmpqmg.jpg,1
mfkvaqtdkxcsozmtzpeavslszhkbvv.jpg,0
mhkqlunhxjqrrnpjvwfklbzvwtrhch.jpg,0
micftikbkvjlfcuknzwfbjpjdhioxe.jpeg,0
mlkbwnogazpkcxpcdaluzexzhvbsbr.jpg,0
mragkclknhcnqosdkuvchpjdrjofso.jpg,1
mrytehdxapzyymznjhvbvkhutalisi.jpg,0
mryzptvsvgrisoimspvdugeepobqkk.jpg,0
mthrpqxgvwfdlksknvymngogpppnhp.jpg,0
mtjmylupexliggdaqvuamtttjbizro.jpg,0
mtkmqoxjnmplockjwdilejfsrxcbvy.jpg,0
mtqtvazpnlsfwlreocalqffwosonni.jpg,1
myruvkfrzwvlkxajpvfhdulbdsqucc.jpg,0
mzaawjyklcynlmsxhziexrqskewnsl.jpg,0
mzvlhczvlelzrkrgyelzjcjtcssgpq.jpg,0
mzwwwdleaormcvlqonydhzypbhqehq.jpg,0.94
naxcngaxukhslcyoodkgkegydlzjnu.jpg,1
nbpkndryqyojnydlzlnfibqdhnsjzo.jpg,1
nfxhlppokdjomdwvjweudtpurlmwnx.jpg,1
nhbvrxtecdhhvyyzdjumuhxwfgsnqf.jpg,0
nkexoipjsbhmytzjsnvxpkqhdtqidv.jpg,1
nlhevzkzseaudpnhbawmmufkxnqyni.jpg,1
nlmpasjsptsygvnkicmsroqwepliof.jpg,1
nmorsdnxcjanqzfyfjrxbvumnyihft.jpg,0
nncgaofbnlhkcvnvhajmgrxpomzzba.jpg,0
nnlxnagizcelrbzdeqpxyonlfardpk.jpg,1
noesixortoazgbkeukqoveyibvaxrc.jpg,1
nqhxoimohubxlnbgxulnralrtxyfwo.jpg,0
nrlywwygzrswfdbhjvdtakksrsvjgk.jpg,0
nrxwgfqqltfxrotfkykgknzommtzdd.jpg,1
nujqgvjxtkvnopkfyzciaziyjndntp.jpg,1
nwikmsqexytmdgyumqrfomreztdxxz.jpg,1
nxigjkucblcrgqfmwcwritnrmcjsgz.jpg,0
nxkricypqzyjopipbggbupjyjlyhtj.jpg,0
nyqzmqlebpyheacmxpeacxszlgxagk.jpg,0
nzhtmzjahmnlycpchimibdygcdkcnz.jpg,1
nzpfwndzpzskokcaqmsxlqjgdyrmhe.jpg,0
ogclzsfhvbloezgkivpedxaldtahzl.jpg,1
ohiszivnnrkglfcpkvgqobmozjgrwa.jpg,0
olvntotfzczjpihgsmsrdshaphevzh.jpg,1
omdjxmhixkgnqsvczwkplpjivyvdbo.jpg,0.17
omgrzbdrlptmmwpudagcrctzvznrap.png,0
oojheezdsmrbzaxtpeapauytvovivl.jpg,0
opdeeeogjakgkmhchcmfcfggxpcszz.jpg,1
ornhixchukzqnrcisoodqytmeeqplp.jpg,0
orsoixyrasfxlkqzngwfasbadeydlh.jpg,1
orzwzwgaccsbeglnbxsitvpxcivdcm.jpg,0.4
osirultbdzsgmknbqrucggtqnfoljs.jpg,0
ovasoplwfuqqevywvgggocgxixnktp.jpg,0
ovyapwxepknnprboziljwxeskjuiim.jpg,0
owffonqaueruqlyakqnwwekvjaougd.jpg,0
oxtgwjovwkjybnyejaezfzqerhvpqj.jpg,1
padarkkzjbruayvwslkssxmumkrjsz.jpg,1
pbndybjpdykkiinslkpnepifijnsvd.jpg,1
pcoalfrhngfbattlzqaljgpzrmdiby.jpg,0
pdcxycqzkznkqntnqsmobdhagkfazw.jpg,0
pdpxzumgibtauzdnqjxumygocmkunl.jpg,0
pdsjckkmbslkzreqwygyjkeyehtuwy.jpg,0
pektafvzybcgssvemzxjypfzsriqxx.jpg,1
pfruckaftscryoyslnzsaqjlrntcdh.jpg,0
phbrlkorxtxgllwntzlgujplyffcdm.jpg,1
phpzhjjsvyqxouxeeaethnilycqdoz.jpg,0
piswtqhtpepgcmilxfeiegdqpofqig.jpg,1
pixwzsjkuqmcdyobcgumwetegmnyfu.jpg,0
pjtremwjwtxaqyzmyuhqrkszorrons.jpg,0
plcaliiefkehjeqojgsaiztfbluwbx.jpg,1
plhsciipiahwdvplstefomscgwxnje.jpg,0
plvzvjasjncvrchqwqdwhuzotiofek.png,1
plyaiuqsdfyiowewiorerysaomwoum.jpg,1
pmlzympeefriiyldejvguoilrtbczx.jpg,1
pneabcoxhrbfqowczgsexzharlezae.jpg,0
pomnzkamhxjwtrgalmkbcevrqlijft.jpg,0
powtvfvfexvzhhubxcczdvqmuwgtil.jpg,1
ppgimbjhcwxshiqofuziffffgvnnbt.jpg,1
puffqlvmnlfcwcplpgbrgkuhgkejnl.jpg,0
pwynnfibfpdkeeuzxjljusaieterpf.jpg,1
pxktxhdsuefrpwxtugwuvttfgmqvyz.jpg,0
pydsgdgzcvormzgjxmsqxgizigmnqq.jpg,0
qaifzcezpnxsemsninrdanxnrecgxc.jpg,1
qasruetvxhqscyidfqsbztqteakyss.jpg,1
qcjrbqnfsvdmyjwegjlhzzzwzfdbgz.jpg,1
qcwfppwrwajqvcjtzgadczsmjjglpa.jpg,0
qddqjbxtpsdrvjjdkzkycjbbrgpekf.jpg,0
qgseasopsvkydhuvnlfmzqbgjydsys.jpg,1
qipkjvcthoccixqxbsdcqgjtzmqvcq.jpg,1
qiqrvyhllvochhswibdzbsxcuyfcif.jpg,0
qjkcqczswvymlnybfyqxppcwciayzz.jpg,0
qlbqjvzglvxhtbjyjrfunwrurqrxox.jpg,1
qlbtwvbhuhkdoyzgfkmcfqwqjujjwh.jpg,0
qnpphzfhyjxoutunxsukftvlauzuug.jpg,0
qqakhuzdxoctiscdztnrzrffzgdvux.jpg,0.95
qsgsfxhekupbygbbjmhmgmheylbals.jpg,1
qskzbotijtjaphichunoesuwbybguk.png,0
qstbmncsmqsiwmnzgipyutolniuxjd.jpg,0
qsxfaihdktxryqxchmdrhweaubkomf.jpg,1
qubxzzlnsdvcesxfodgkfhnckwewmm.jpg,1
qvnxjxzghixyyysszioajgjiexgwzh.jpg,1
qwqvucqqtmtobwedwslipeohnrkuwr.jpg,0.99
qwylrrncmfibtlszybqsofemgweggl.jpg,0
qwztxkkzraedpivehqtrdcfdcrrsse.png,1
raoltfuznhttwcfpscjepcqakdkmey.jpg,1
rbztrgnugpkdoaxagndgdjbijoqele.jpg,0
rccyeivmdwnblrlijjuyvzyxslwuhh.jpg,0
rdwfgwuicmbzlnqhtyhfemjzmpyrjm.jpg,0
rfbvqxxqlifrbwhfyopkxalfmvyhfy.jpg,1
rjcsevtxucgtrcxvvsblkrakusacxq.jpg,0
rjidoxfzbxyeffhrkzguqdqksvwtpa.jpg,1
rjsayiylvpblfpjzyxwnejcevzncpm.jpg,1
rkpymadccynfoyvmiftgekkfbbbhdi.png,1
rqxlpeljjhhifqnlrywertwvzywynb.jpg,0
rrrncyqvyxkyshtdtxrtzcmltgpugh.jpg,1
rtnaqoagadatjgbczdaehqawjeuxiq.jpg,1
rwlnkupbstmcbxurjkntrubebavmjd.jpg,0.03
rwrhwxbhdpdvlaxkattftklqiorcpo.jpg,1
saqwjlvhyizasymcqwuumkayyalabr.jpg,0
saxrcfliklfijsofesenfhbpipucza.jpg,0
sbjiktnxorfqchvhvtresgziklndbw.jpg,0
sceudskpqcmpiutrvrjvwzrlyhusve.jpg,0
sdfklgwygtjlxmwtbggmobikmuuzaw.jpg,0.99
sfpwptgynidjmylpqeukgkhzqcitgm.jpg,1
shtuvrpsdcmoaooaeitmnpuckoaraa.jpg,0.59
sipovcjjclpnpgtcypjziplmmnzblp.jpg,1
siqobtmqebviudcxtjszqquivmzvil.jpg,1
smanxydzpnqbtgyhnkbkqslunnvvyg.jpg,0
smoiczjaouyiefhoizeyarkxzwutbe.png,0
smudegzshenddkbjyxihvwjdrensex.jpeg,0
smwljmgvodmaektpwpvsjbgbemexkz.jpg,1
snqqviwsotitwwrblhtiabhvphphqw.jpg,0.44
snylansyoagwhxkcenskjanfkgpigr.jpg,0
sseuokumxzgersmrlhofzkzgrkozkq.png,0
ssidykbqfofxaqtorcftxaxtusuyvc.jpg,1
sslssipaijavmhtvbrixtbgwwnlshu.jpg,0
suvnfydgvqcgdaxlsazlxgubymvfhj.jpg,0
svegbhuohnflowxkhjvkrifgmxextf.jpg,0.98
syjhwwdrvsqvhmkdfyfmggthjmkvzd.jpg,0
szycncebucycdqljwiolfshxndzpcm.jpg,0
tbjzvqedthirsztsnsjkfrdgroofmt.jpg,0
tewzkpvegeenvrdteiupwxlvyjyffy.jpg,0
thxqsrejgecdethcqecanudtfofcrh.jpg,0.28
tihnjhjilrcolmyupysvxjvqbqhvzr.jpg,0
tkekamvpuqgwyxgekdpmbvarytgffk.jpg,1
tkudaszaqtrzmyypabwhwanaqqdgsn.jpg,1
tldspzpkenscsjyokedqawzuqdbjfh.jpg,0
tlqprwlybfxysvhrnfgnplgbqgsswu.jpg,0
tmthqtrdrzwgadmsftvwpwlssemeic.jpg,0
tnptubiwafwpnymkaaudzcjibkzfgp.jpg,0
tnvtseaxgaeuxslabsyczpucoervej.jpg,0.92
tosutnsfkotuhlqcxkyartdjribecy.jpg,0
tqpfjhcqdnetwghsusmzymjepbdnds.jpg,0
tqtohrbvnjhvqqpkcpqxihkomlzddz.jpg,0
trvmaugxfpnagutconbyismxjoizzi.jpg,0
twuombcbchukiltgyoxxovvpqidulj.jpg,1
txjtghyvfckkbeihbmqcamrwmhfwfr.jpg,1
tzwrmkyyhlxjrbedtztknvlrgdmnfq.jpg,0
uapjecavqzibecgdvrlwiabgymtvdt.jpg,0
ueexuzrrjzajyeojqfmglknvpzgzad.jpg,0
uemcqcfhactlnpdguyeqawxiarukdn.jpg,1
uemcyhtssgjcecjovuzrmvkxqwmldt.jpg,0
ufhysrqbbzlrqymeekhvxkoqeyxbyo.jpg,0
ufjcnzoabfdevufathmxztkvmlfgmd.jpg,1
ujdigrxiqfjtzrjgfwpvtjsxtviztq.jpg,0
umgwufightqsnhtjyfochvdnrcsccb.jpg,1
unkvelhemzsndcplwwcplvzhztcllz.jpg,0
unwndegdcmlinkjsprkshhnpomqvwd.jpg,0
uoqujcamsyjwlwoztrnvutbgrhdtkx.jpg,0
uqpvmjbjlwceqgltplhvdxyinayphz.jpg,1
urdgcrihebtothfemyxubtwpinualu.jpg,0
urfpnxaaxslypipkziqixilgvtitse.jpg,0
usdqhnysmqfjitrxqnfxkureaphlsa.jpg,0
utjaezxnmbadaiqjqgkmdmfdzqozqr.jpg,0
utqrcmliuqbblbxeacpcofcsxvhzgz.jpeg,1
uuapkpltdjmnmxgttzdtgoewvtdmkf.jpg,0
uvxtmvpwvucdhkyfjuqzrnxxgecptf.jpg,0
uxxhcjkukexpxutwqbvdjpgurqmwli.jpg,1
uyoqejdoxyisbuqsbwjwaecqutvtwg.jpg,1
uzfesehhvhqxuziizqgipuqbvjkarm.jpg,1
vdntoytydbayclzrqpfguwpzhplhvj.jpg,0
versewmzeguanbftslpjlyrupgqobt.jpg,0
vhwotvbcqepkhmhuhqvbdvahsixptb.jpg,0
vivqwqshafxumvxojbcouebhpjitvw.jpg,0.65
vlpwwjhopipwypxltcstohkkjgudbv.jpg,0
vluqtgdfiywtuveucboijzbanifapn.jpg,1
vlxbaplwagipvtfkcjbzapysqmffld.jpg,1
volxwqaiygijoxnemgujucdvaxcmla.jpg,0
vvbpnstpnzspemzfccnfftwnsyfosx.jpg,0
vwnowxqsikzzgaupttmtfffkbprphp.jpg,0
vwqrhobzdutxipuwgssuzjbhxumbod.jpg,0
vzqbztrjuoyuzfygogzutjfvnppmpi.jpg,0.1
vzygdcxwtgrkwsimilpsbttbchwjey.jpg,1
wbbujdiznmyiiqjwpjymtypyswyumo.jpg,0
wbctqgrcgqwhbywsikdklrtbmrplim.jpg,1
wbfrwkddjwawzxnikfrpffjxtowjhv.jpg,0
wcjujbvemumhadmwcgkgwahqmrhoif.jpg,0
wcnsyehazqxgakcdbtyehtkwoiwppj.jpg,0
wcydlpgrwjmptowavcltpotjbgvxhb.jpg,0
wdlioyaloeejrcvmjpixqoczoesuns.jpg,0
weipwizxckxeagywuilohlxktcrypk.jpg,1
weubnhdcwsklnxmbaoetvbzfistxwg.jpg,1
wflunumlnfgrpwisuymmudqnjobspo.jpg,1
wgkzydvcyrnzspiukwtrbmwptujyoo.jpg,1
wiovvusmzmxindaealykgesxwwleql.jpg,1
wischoicbrogjyfnhdycphsaneiuwm.jpg,0
wkvfouqvychfqwsmjnhkraowobkxgy.jpg,0
wleebloflbfqkneclgoekidfidccim.jpg,0
wljliaaphisemiemsxielexjlkirlv.jpg,0
wnwkpbivybsvhesdkadymsqmqopfuy.jpg,0.51
woazdfgnjkbxcskuamebaxedxhpszi.jpg,0
woobvdyoeohahdgjtajoywfsxmtijg.jpg,0
wooltgxaythwvbtdoruodwvmvbrpfg.jpg,0
woulzzpagnqwxegofpdnsxbytvjdki.jpg,0
wpiddqgustjsgnzcdoykwhecjmfsbo.jpg,1
wpsmdmlakitjsnypxeecpajkecrgqw.jpg,0
wpujnxoeirxcyjiiezydfkaxksrdwg.jpg,1
wqzkxqasodsnxcugavcqsuqmdwqfoa.png,1
wrtiyoywiyiawtrnbizxykeqjoesmb.jpg,0
wtcbodbqepiirrtgpzclqipkojxodr.jpg,0
wwgnzvefvkhqgcvgzvucdwslmhqdfl.jpg,0
wwibybtbnrvydizirztvgsbuulpouw.jpg,0.51
wzdhiyzvbjlpatadxltwukvizlkpfi.jpg,0
xaufwjptvdpofxbuefzpcbjdgurmov.jpg,1
xbuuveyzfnrozevdlhayiqncadyiof.jpg,1
xemgrytlfzpwpxlpoyklejnqclztru.jpg,1
xfnuyuiibfvnhcxneinujhzmxyffdn.jpg,0.15
xgfrghdwyumnzdvxsuzlehyruvkita.png,1
xjngjjhzpyhxmstueplojbqreasnes.jpg,1
xkdueyinwrnlyioamfbqqymynyyjow.jpg,0
xklxzfuxkxgykpuhuzzaldbdjhcydx.jpg,0
xkoqrazzrpistsmscyvjarmiuwljsd.jpg,1
xnyhtjljydambkxbueqmgixbainqrw.jpg,1
xpivtvyweotwypnjfaenuhouijtwrj.jpg,0
xqhpwicnsoejqslgrlwvntqhqdrjjt.jpg,0
xurcoxcuznkvnyjhrqrtjfnrqqtlby.jpg,0
xxirvsjxpsdmicscgrmpcczbnrtoek.jpg,0
xxpzhbftdvltokjuzrdiuksfeynqlu.jpg,0.96
xykoojgoemrcfmvdobwvlurbpoikpq.jpg,0
xynfggwypiqaesxayyvjlqfmhsvnlo.jpg,0
xzcvpmdsnwcmeooidiemxzofsvqrvo.png,1
ycdmtgjjzxhgzblmjrujqpemeqksch.jpeg,1
yegdjxoapgowmbnvlrdryvaecnynya.jpg,1
yionojckwcmjxtjevsvpmjezycmilb.jpg,0
yjncarmoymzspzoiuivzecdjjxnitj.jpg,1
yklgcnlafkcgjozrkuzbebbsggluus.png,0
ykmaworjsfbglvakdrsbqhupjiqkhn.jpg,0
ykngxpgtimmeszcxyntqujxyslvkrz.jpg,1
yknhljrexjerzopcvabkfobfaznbce.jpg,0
ylqsaoehrinbdgkmyqobrytabqvqad.jpg,0
yncgdbcfbdpippiqjexosicvuxetik.jpg,1
yoljgngorsosxyvpmflodycbrzlojm.jpg,0
yqhsjijloqxbrfjzbqnasiqfqyvgjq.jpg,0
ytxadvbbcvbohxmbtvnyepjzdskwli.jpg,0
yurmkbqrwlidqgbgeeszgsuzzizhtv.jpg,0
yyvvnujfgpfcpcgwdyjfthnlycslkk.jpg,0
zdfiplzlfcwkyfucjdtkskjxjdeavq.jpg,0
zesbxhcglwjpplcmsfntcpummkbhfz.jpg,0
zgigmyufwdfgxuspzppusdfstysjfs.jpg,0
zhkdanqqseexvicplcyekiwjqqlhhz.jpg,0
ziseknqemrbhawedjdyxevolrwumkq.jpg,0
zjcrlegcioljqhlaowlaklxwojfpil.jpg,1
zjlngjlzjwonpqhiiztranntupvtom.jpg,0
zkmcdlytdocncvgmigqhklfvjqwrni.jpg,0
zkpcokomrmpbncplmxcklnvgaabmoq.jpg,1
zndfvhigsuchffrepbzdwrlhgncmtd.jpg,1
zneawovpezfvxphxdlzgpjhllyxuss.jpg,1
zodcoeblnsvtuoftjlpquidfhnbtwc.jpg,0
zojvaryviuzftjfkmeazlzekvpdxri.jpg,0
zpfhbgixcctxylnihhrepjgcmjksvf.jpg,0
zuignwckjykxefmpubjpjefvhghaoi.jpg,0
zuxvwdblfwjpibjexgfglpyreqslhs.jpg,0
zvyajojutzgqumdjfxxkpiuuxeefyy.jpg,0
zynasgxnxnzqaallnvkthegctommtu.jpg,1
